sf,threads,repeat,scan_time_s,compute_time_s,build_time_s,stat_size_mb,compressed_size_mb,peak_mem_mb
sf0.1,1,1,3.202,0.969,4.171,229.94,62.14,5263.05
sf0.1,1,2,0.000,0.957,0.957,229.94,62.14,5263.05
sf0.1,1,3,0.000,0.979,0.979,229.94,62.14,5263.05
sf0.1,1,4,0.000,0.998,0.998,229.94,62.14,5263.05
sf0.1,1,5,0.000,0.962,0.962,229.94,62.14,5263.05
sf0.1,2,1,0.000,0.485,0.485,229.94,62.14,5263.05
sf0.1,2,2,0.000,0.410,0.410,229.94,62.14,5263.05
sf0.1,2,3,0.000,0.485,0.485,229.94,62.14,5263.05
sf0.1,2,4,0.000,0.421,0.421,229.94,62.14,5263.05
sf0.1,2,5,0.000,0.490,0.490,229.94,62.14,5263.05
sf0.1,4,1,0.000,0.229,0.229,229.94,62.14,5263.05
sf0.1,4,2,0.000,0.240,0.240,229.94,62.14,5263.05
sf0.1,4,3,0.000,0.241,0.241,229.94,62.14,5263.05
sf0.1,4,4,0.000,0.269,0.269,229.94,62.14,5263.05
sf0.1,4,5,0.000,0.260,0.260,229.94,62.14,5263.05
sf0.1,8,1,0.000,0.142,0.142,229.94,62.14,5263.05
sf0.1,8,2,0.000,0.149,0.149,229.94,62.14,5263.05
sf0.1,8,3,0.000,0.148,0.148,229.94,62.14,5263.05
sf0.1,8,4,0.000,0.145,0.145,229.94,62.14,5263.05
sf0.1,8,5,0.000,0.148,0.148,229.94,62.14,5263.05
sf0.1,12,1,0.000,0.123,0.123,229.94,62.14,5263.05
sf0.1,12,2,0.000,0.118,0.118,229.94,62.14,5263.05
sf0.1,12,3,0.000,0.129,0.129,229.94,62.14,5263.05
sf0.1,12,4,0.000,0.122,0.122,229.94,62.14,5263.05
sf0.1,12,5,0.000,0.120,0.120,229.94,62.14,5263.05
sf0.1,16,1,0.000,0.115,0.115,229.94,62.14,5263.05
sf0.1,16,2,0.000,0.119,0.119,229.94,62.14,5263.05
sf0.1,16,3,0.000,0.116,0.116,229.94,62.14,5263.05
sf0.1,16,4,0.000,0.114,0.114,229.94,62.14,5263.05
sf0.1,16,5,0.000,0.115,0.115,229.94,62.14,5263.05
sf0.1,24,1,0.000,0.131,0.131,229.94,62.14,5263.05
sf0.1,24,2,0.000,0.114,0.114,229.94,62.14,5263.05
sf0.1,24,3,0.000,0.112,0.112,229.94,62.14,5263.05
sf0.1,24,4,0.000,0.114,0.114,229.94,62.14,5263.05
sf0.1,24,5,0.000,0.113,0.113,229.94,62.14,5263.05
sf0.3,1,1,9.285,2.670,11.956,604.27,168.49,11743.72
sf0.3,1,2,0.000,2.656,2.656,604.27,168.49,11743.72
sf0.3,1,3,0.000,2.741,2.741,604.27,168.49,11743.72
sf0.3,1,4,0.000,2.695,2.695,604.27,168.49,11743.72
sf0.3,1,5,0.000,2.733,2.733,604.27,168.49,11743.72
sf0.3,2,1,0.000,1.454,1.454,604.27,168.49,11743.72
sf0.3,2,2,0.000,1.502,1.502,604.27,168.49,11743.72
sf0.3,2,3,0.000,1.527,1.527,604.27,168.49,11743.72
sf0.3,2,4,0.000,1.458,1.458,604.27,168.49,11743.72
sf0.3,2,5,0.000,1.493,1.493,604.27,168.49,11743.72
sf0.3,4,1,0.000,0.857,0.857,604.27,168.49,11743.72
sf0.3,4,2,0.000,0.790,0.790,604.27,168.49,11743.72
sf0.3,4,3,0.000,0.780,0.780,604.27,168.49,11743.72
sf0.3,4,4,0.000,0.823,0.823,604.27,168.49,11743.72
sf0.3,4,5,0.000,0.797,0.797,604.27,168.49,11743.72
sf0.3,8,1,0.000,0.475,0.475,604.27,168.49,11743.72
sf0.3,8,2,0.000,0.474,0.474,604.27,168.49,11743.72
sf0.3,8,3,0.000,0.479,0.479,604.27,168.49,11743.72
sf0.3,8,4,0.000,0.474,0.474,604.27,168.49,11743.72
sf0.3,8,5,0.000,0.471,0.471,604.27,168.49,11743.72
sf0.3,12,1,0.000,0.414,0.414,604.27,168.49,11743.72
sf0.3,12,2,0.000,0.414,0.414,604.27,168.49,11743.72
sf0.3,12,3,0.000,0.402,0.402,604.27,168.49,11743.72
sf0.3,12,4,0.000,0.405,0.405,604.27,168.49,11743.72
sf0.3,12,5,0.000,0.404,0.404,604.27,168.49,11743.72
sf0.3,16,1,0.000,0.420,0.420,604.27,168.49,11743.72
sf0.3,16,2,0.000,0.418,0.418,604.27,168.49,11743.72
sf0.3,16,3,0.000,0.420,0.420,604.27,168.49,11743.72
sf0.3,16,4,0.000,0.419,0.419,604.27,168.49,11743.72
sf0.3,16,5,0.000,0.420,0.420,604.27,168.49,11743.72
sf0.3,24,1,0.000,0.464,0.464,604.27,168.49,11743.72
sf0.3,24,2,0.000,0.469,0.469,604.27,168.49,11743.72
sf0.3,24,3,0.000,0.463,0.463,604.27,168.49,11743.72
sf0.3,24,4,0.000,0.461,0.461,604.27,168.49,11743.72
sf0.3,24,5,0.000,0.465,0.465,604.27,168.49,11743.72
sf1,1,1,23.782,8.174,31.956,1954.14,560.39,39645.71
sf1,1,2,0.000,8.228,8.228,1954.14,560.39,39645.71
sf1,1,3,0.000,8.307,8.307,1954.14,560.39,39645.71
sf1,1,4,0.000,8.239,8.239,1954.14,560.39,39645.71
sf1,1,5,0.000,8.260,8.260,1954.14,560.39,39645.71
sf1,2,1,0.000,4.632,4.632,1954.14,560.39,39645.71
sf1,2,2,0.000,4.652,4.652,1954.14,560.39,39645.71
sf1,2,3,0.000,4.699,4.699,1954.14,560.39,39645.71
sf1,2,4,0.000,4.670,4.670,1954.14,560.39,39645.71
sf1,2,5,0.000,4.665,4.665,1954.14,560.39,39645.71
sf1,4,1,0.000,2.659,2.659,1954.14,560.39,39645.71
sf1,4,2,0.000,2.645,2.645,1954.14,560.39,39645.71
sf1,4,3,0.000,2.651,2.651,1954.14,560.39,39645.71
sf1,4,4,0.000,2.671,2.671,1954.14,560.39,39645.71
sf1,4,5,0.000,2.698,2.698,1954.14,560.39,39645.71
sf1,8,1,0.000,2.101,2.101,1954.14,560.39,39645.71
sf1,8,2,0.000,2.128,2.128,1954.14,560.39,39645.71
sf1,8,3,0.000,2.091,2.091,1954.14,560.39,39645.71
sf1,8,4,0.000,2.085,2.085,1954.14,560.39,39645.71
sf1,8,5,0.000,2.114,2.114,1954.14,560.39,39645.71
sf1,12,1,0.000,2.186,2.186,1954.14,560.39,39645.71
sf1,12,2,0.000,2.265,2.265,1954.14,560.39,39645.71
sf1,12,3,0.000,2.245,2.245,1954.14,560.39,39645.71
sf1,12,4,0.000,2.236,2.236,1954.14,560.39,39645.71
sf1,12,5,0.000,2.233,2.233,1954.14,560.39,39645.71
sf1,16,1,0.000,2.238,2.238,1954.14,560.39,39645.71
sf1,16,2,0.000,2.245,2.245,1954.14,560.39,39645.71
sf1,16,3,0.000,2.250,2.250,1954.14,560.39,39645.71
sf1,16,4,0.000,2.236,2.236,1954.14,560.39,39645.71
sf1,16,5,0.000,2.250,2.250,1954.14,560.39,39645.71
sf1,24,1,0.000,2.238,2.238,1954.14,560.39,39645.71
sf1,24,2,0.000,2.245,2.245,1954.14,560.39,39645.71
sf1,24,3,0.000,2.250,2.250,1954.14,560.39,39645.71
sf1,24,4,0.000,2.236,2.236,1954.14,560.39,39645.71
sf1,24,5,0.000,2.250,2.250,1954.14,560.39,39645.71
sf3,1,1,118.619,39.457,158.076,5599.64,1638.52,110565.98
sf3,1,2,0.000,39.479,39.479,5599.64,1638.52,110565.98
sf3,1,3,0.000,39.612,39.612,5599.64,1638.52,110565.98
sf3,1,4,0.000,39.376,39.376,5599.64,1638.52,110565.98
sf3,1,5,0.000,39.627,39.627,5599.64,1638.52,110565.98
sf3,2,1,0.000,22.437,22.437,5599.64,1638.52,110565.98
sf3,2,2,0.000,22.528,22.528,5599.64,1638.52,110565.98
sf3,2,3,0.000,23.465,23.465,5599.64,1638.52,110565.98
sf3,2,4,0.000,22.867,22.867,5599.64,1638.52,110565.98
sf3,2,5,0.000,22.878,22.878,5599.64,1638.52,110565.98
sf3,4,1,0.000,13.466,13.466,5599.64,1638.52,110565.98
sf3,4,2,0.000,13.515,13.515,5599.64,1638.52,110565.98
sf3,4,3,0.000,13.464,13.464,5599.64,1638.52,110565.98
sf3,4,4,0.000,14.104,14.104,5599.64,1638.52,110565.98
sf3,4,5,0.000,14.250,14.250,5599.64,1638.52,110565.98
sf3,8,1,0.000,8.981,8.981,5599.64,1638.52,110565.98
sf3,8,2,0.000,8.600,8.600,5599.64,1638.52,110565.98
sf3,8,3,0.000,8.531,8.531,5599.64,1638.52,110565.98
sf3,8,4,0.000,8.562,8.562,5599.64,1638.52,110565.98
sf3,8,5,0.000,8.603,8.603,5599.64,1638.52,110565.98
sf3,12,1,0.000,7.597,7.597,5599.64,1638.52,110565.98
sf3,12,2,0.000,7.650,7.650,5599.64,1638.52,110565.98
sf3,12,3,0.000,7.613,7.613,5599.64,1638.52,110565.98
sf3,12,4,0.000,7.608,7.608,5599.64,1638.52,110565.98
sf3,12,5,0.000,7.577,7.577,5599.64,1638.52,110565.98
sf3,16,1,0.000,7.710,7.710,5599.64,1638.52,110565.98
sf3,16,2,0.000,8.469,8.469,5599.64,1638.52,110565.98
sf3,16,3,0.000,7.753,7.753,5599.64,1638.52,110565.98
sf3,16,4,0.000,7.625,7.626,5599.64,1638.52,110565.98
sf3,16,5,0.000,7.627,7.628,5599.64,1638.52,110565.98
sf3,24,1,0.000,7.797,7.797,5599.64,1638.52,110565.98
sf3,24,2,0.000,7.773,7.773,5599.64,1638.52,110565.98
sf3,24,3,0.000,7.831,7.831,5599.64,1638.52,110565.98
sf3,24,4,0.000,7.804,7.804,5599.64,1638.52,110565.98
sf3,24,5,0.000,7.785,7.785,5599.64,1638.52,110565.98
sf10,1,1,111.067,114.473,225.540,17876.43,5331.34,105681.17
sf10,1,2,113.193,114.390,227.583,17876.43,5331.34,105681.17
sf10,1,3,111.337,114.275,225.611,17876.43,5331.34,105681.17
sf10,1,4,111.615,114.196,225.811,17876.43,5331.34,105681.17
sf10,1,5,110.790,114.342,225.132,17876.43,5331.34,105681.17
sf10,2,1,103.260,63.076,166.336,17876.43,5331.34,107167.06
sf10,2,2,103.663,63.166,166.829,17876.43,5331.34,107167.06
sf10,2,3,103.332,63.531,166.863,17876.43,5331.34,107167.06
sf10,2,4,104.154,63.081,167.235,17876.43,5331.34,107167.06
sf10,2,5,103.832,63.631,167.463,17876.43,5331.34,107167.06
sf10,4,1,99.691,35.862,135.554,17876.43,5331.34,107340.04
sf10,4,2,100.820,35.623,136.443,17876.43,5331.34,107340.04
sf10,4,3,100.426,35.447,135.873,17876.43,5331.34,107340.04
sf10,4,4,100.253,36.437,136.691,17876.43,5331.34,107340.04
sf10,4,5,100.293,35.572,135.865,17876.43,5331.34,107340.04
sf10,8,1,97.946,24.312,122.258,17876.43,5331.34,118129.83
sf10,8,2,98.313,23.780,122.092,17876.43,5331.34,118129.83
sf10,8,3,98.145,23.508,121.652,17876.43,5331.34,118129.83
sf10,8,4,98.284,23.636,121.920,17876.43,5331.34,118129.83
sf10,8,5,99.027,23.501,122.528,17876.43,5331.34,118129.83
sf10,16,1,97.193,21.202,118.395,17876.43,5331.34,114611.32
sf10,16,2,98.110,21.347,119.457,17876.43,5331.34,114611.32
sf10,16,3,97.921,21.283,119.205,17876.43,5331.34,114611.32
sf10,16,4,97.841,21.179,119.020,17876.43,5331.34,114611.32
sf10,16,5,97.471,21.592,119.064,17876.43,5331.34,114611.32
sf10,24,1,96.803,22.310,119.114,17876.43,5331.34,107423.42
sf10,24,2,96.774,22.286,119.060,17876.43,5331.34,107423.42
sf10,24,3,96.253,22.057,118.311,17876.43,5331.34,107423.42
sf10,24,4,95.834,22.409,118.243,17876.43,5331.34,107423.42
sf10,24,5,96.045,22.372,118.418,17876.43,5331.34,107423.42
